participant,competition_and_cooperation,first_competition_and_cooperation,features_and_categories,first_features_and_categories,quantities_and_time,first_quantities_and_time,social_learning_and_culture,first_social_learning_and_culture,social_strategies_and_communication,first_social_strategies_and_communication,space_and_objects,first_space_and_objects,stimuli_and_arousal,first_stimuli_and_arousal,temperament_and_personality,first_temperament_and_personality,theory_of_mind_and_metacognition,first_theory_of_mind_and_metacognition,tools_and_causality,first_tools_and_causality
abeeku,2,amici2014lack,0,,3,sanchez2016differences,0,,4,bohn2015communication,0,,0,,0,,1,schmid2017great,3,volter2014great
alex,18,russell2008image,4,haun2009great,7,martin2010keeping,4,tennie2009ratcheting,9,tempelmann2013apes,6,cacchione2009gravity,0,,0,,15,russell2008image,22,cacchione2009gravity
alexandra,13,herrmann2006apes,1,haun2009great,7,martin2010keeping,3,tennie2009ratcheting,5,herrmann2006apes,5,cacchione2009gravity,0,,0,,7,brauer2005all,20,cacchione2009gravity
annett,7,russell2008image,1,haun2009great,3,kanngiesser2011limits,4,tennie2009ratcheting,3,tempelmann2013apes,5,cacchione2009gravity,0,,0,,4,brauer2005all,16,cacchione2009gravity
azibo,0,,0,,0,,0,,0,,0,,0,,0,,3,krupenye2017test,0,
bali,1,liebal2014does,0,,0,,0,,0,,0,,0,,0,,0,,0,
bambari,1,wolf2020human,0,,0,,0,,2,bohn2020learning,1,many2019establishing,0,,0,,2,krupenye2017test,1,ebel2021prior
bangolo,8,engelmann2017social,2,kano2015social,3,sanchez2016differences,1,leeuwen2017conservatism,2,kano2018human,0,,0,,0,,9,kano2014cross,1,ebel2021prior
batak,2,volter2015exploitation,5,kano2012face,1,sanchez2019disentangling,1,forss2016cognitive,2,kano2018human,0,,0,,0,,6,kano2014cross,2,forss2016cognitive
bebe,5,brauer2006apes,0,,5,vlamings2006great,4,tennie2006push,0,,9,call2004inferences,0,,1,uher2008coherence,3,brauer2005all,7,call2004inferences
bili,1,liebal2014does,0,,0,,0,,0,,0,,0,,0,,0,,0,
bimbo,10,brauer2006apes,7,haun2009great,15,suda2004piagetian,4,tennie2006push,7,tempelmann2013apes,15,call2004inferences,0,,1,uher2008coherence,7,brauer2005all,22,call2004inferences
brent,3,brauer2006apes,0,,1,amici2012modular,1,tennie2006push,1,herrmann2006apes,2,haun2006evolutionary,0,,0,,3,brauer2005all,1,amici2012modular
brigitta,1,hepach2021chimpanzees,1,kano2018primate,0,,0,,2,bohn2015communication,0,,0,,0,,1,buttelmann2017great,1,manrique2015age
corrie,1,liebal2017give,0,,0,,0,,0,,0,,0,,0,,0,,0,
corry,12,brauer2006apes,1,parron2008behavioural,4,kanngiesser2011limits,3,tennie2010two,3,brauer2006making,5,amici2010monkeys,0,,0,,4,brauer2006making,14,brauer2006making
daza,7,sanchez2019chimpanzees,1,kano2018primate,2,eckert2017great,0,,6,bohn2015communication,1,lewis2017non,0,,0,,5,krupenye2016great,4,manrique2015age
diva,1,liebal2014does,0,,0,,0,,0,,0,,0,,0,,0,,0,
dokana,12,brauer2006apes,8,haun2009great,15,vlamings2006great,6,tennie2006push,7,bohn2015communication,12,haun2006evolutionary,0,,1,uher2008coherence,11,buttelmann2008behavioral,26,martin2008tubes
dorien,13,brauer2006apes,2,parron2008behavioural,9,vlamings2006great,3,tennie2010two,5,brauer2006making,11,call2004inferences,1,kano2016nasal,1,uher2008coherence,10,brauer2006making,16,call2004inferences
dunja,6,brauer2006apes,0,,8,suda2004piagetian,4,tennie2006push,1,tempelmann2013apes,11,call2004inferences,0,,1,uher2008coherence,4,brauer2005all,12,call2004inferences
edwin,1,liebal2014does,0,,0,,0,,0,,0,,0,,0,,0,,0,
fifi,10,brauer2006apes,4,haun2009great,11,suda2004piagetian,4,tennie2006push,4,brauer2006making,10,call2004inferences,0,,0,,10,brauer2006making,23,call2004inferences
fimi,6,amici2014lack,2,kano2015social,4,sanchez2016differences,0,,7,bohn2015communication,1,lewis2017non,0,,0,,8,kano2014cross,5,manrique2015age
fraukje,15,brauer2006apes,4,parron2008behavioural,11,suda2004piagetian,5,tennie2006push,9,brauer2006making,11,call2004inferences,1,kano2016nasal,1,uher2008coherence,18,brauer2005all,22,call2004inferences
frederike,6,engelmann2017social,1,kano2018primate,1,sanchez2019disentangling,0,,6,bohn2015communication,1,lewis2017non,0,,0,,7,krupenye2016great,4,manrique2015age
frodo,25,brauer2006apes,1,parron2008behavioural,11,vlamings2006great,5,tennie2006push,9,brauer2006making,10,call2004inferences,1,kano2016nasal,1,uher2008coherence,14,brauer2005all,19,call2004inferences
gemena,5,amici2014lack,1,kano2018primate,4,sanchez2016differences,0,,5,bohn2015communication,1,lewis2017non,0,,0,,4,krupenye2016great,5,manrique2015age
gertrudia,10,brauer2006apes,4,haun2009great,7,uher2008great,5,tennie2006push,5,brauer2006making,10,call2004inferences,0,,0,,9,brauer2006making,20,call2004inferences
gorgo,7,brauer2006apes,1,kano2012face,9,amici2008fission,4,tennie2006push,0,,6,call2004inferences,0,,1,uher2008coherence,3,brauer2005all,9,call2004inferences
hope,2,wolf2019visually,0,,0,,0,,2,bohn2020learning,0,,0,,0,,3,krupenye2017test,1,ebel2021prior
indi,1,liebal2014does,0,,0,,0,,0,,0,,0,,0,,0,,0,
jahaga,18,brauer2006apes,4,haun2009great,13,suda2004piagetian,4,tennie2006push,9,brauer2006making,10,call2004inferences,0,,0,,17,brauer2006making,23,call2004inferences
jasongo,4,amici2014calculated,2,kano2015social,3,sanchez2016differences,0,,4,bohn2015communication,1,lewis2017non,0,,0,,8,kano2014cross,6,volter2014cognitive
jeudi,4,wolf2019visually,1,kano2018primate,2,eckert2017great,0,,5,bohn2015communication,1,lewis2017non,0,,0,,6,krupenye2016great,3,manrique2015age
joey,9,brauer2006apes,2,haun2009great,15,suda2004piagetian,4,tennie2006push,6,brauer2006making,13,call2004inferences,0,,1,uher2008coherence,10,brauer2005all,19,call2004inferences
kalema,1,liebal2014does,0,,0,,0,,0,,0,,0,,0,,0,,0,
kara,12,sanchez2016chimpanzees,2,kano2015social,4,rakoczy2014apes,3,leeuwen2013total,5,bohn2015communication,1,lewis2017non,1,kano2016nasal,0,,10,kano2014cross,12,hanus2011chimpanzee
kasai_II,1,wolf2020human,0,,0,,0,,1,kano2018human,0,,0,,0,,4,krupenye2016great,0,
kazahukire,1,liebal2014does,0,,0,,0,,0,,0,,0,,0,,0,,0,
kibara,4,amici2014calculated,3,kano2011visual,11,amici2008fission,1,allritz2013food,4,bohn2015communication,5,amici2008fission,0,,0,,1,schmid2017great,9,amici2010monkeys
kidogo,1,liebal2014does,0,,0,,0,,0,,0,,0,,0,,0,,0,
kila,2,liebal2014does,1,kano2012face,7,amici2008fission,1,forss2016cognitive,1,moore2015production,6,amici2008fission,0,,0,,0,,14,martin2008tubes
kisha,0,,0,,0,,0,,3,bohn2015communication,0,,0,,0,,3,krupenye2017test,0,
kofi,19,sanchez2016chimpanzees,3,kano2015social,4,rakoczy2014apes,3,leeuwen2013total,6,bohn2015communication,2,volter2014younger,1,kano2016nasal,0,,12,kano2014cross,11,seed2012chimpanzee
kraba,1,liebal2014does,0,,0,,0,,0,,0,,0,,0,,0,,0,
kumili,2,amici2014lack,0,,3,sanchez2016differences,0,,4,bohn2015communication,0,,0,,0,,1,schmid2017great,3,volter2014great
kuno,16,brauer2006apes,3,haun2009great,20,suda2004piagetian,4,tennie2006push,8,brauer2006making,13,call2004inferences,0,,1,uher2008coherence,14,brauer2005all,22,call2004inferences
lexi,5,amici2014lack,0,,4,sanchez2016differences,0,,6,bohn2015communication,1,lewis2017non,0,,0,,7,krupenye2016great,7,volter2014cognitive
limbuko,7,brauer2006apes,1,haun2009great,12,suda2004piagetian,4,tennie2006push,4,brauer2006making,12,call2004inferences,0,,1,uher2008coherence,5,brauer2005all,12,call2004inferences
lobo,23,engelmann2012five,3,kano2015social,5,rakoczy2014apes,4,allritz2013food,4,bohn2015communication,3,lewis2017non,1,kano2016nasal,0,,13,schmelz2013chimpanzees,14,hanus2011comparing
lome,24,greenberg2010chimpanzee,4,parron2008behavioural,7,martin2010keeping,5,tennie2010two,7,liszkowski2009prelinguistic,6,amici2010monkeys,1,kano2016nasal,0,,14,schmelz2011chimpanzees,19,amici2010monkeys
loto,0,,1,kano2015social,1,sanchez2016differences,0,,0,,0,,0,,0,,2,kano2014cross,0,
louna,3,amici2014calculated,2,kano2011visual,3,cacchione2014apes,1,allritz2013food,0,,0,,0,,0,,0,,2,allritz2013food
luiza,10,amici2014calculated,2,kano2015social,8,cacchione2014apes,0,,7,bohn2015communication,2,hribar2011great,0,,0,,10,kano2014cross,7,manrique2013repeated
maia,1,liebal2017give,2,kano2011visual,0,,0,,0,,0,,0,,0,,0,,0,
maja,0,,0,,1,schmitt2013monkeys,0,,0,,0,,0,,0,,1,kopp2021small,0,
makeni,0,,0,,0,,0,,0,,0,,0,,0,,1,kopp2021small,0,
mawa,1,liebal2014does,0,,0,,0,,0,,0,,0,,0,,0,,0,
mercedes,1,liebal2014does,0,,0,,0,,0,,0,,0,,0,,0,,0,
namukisa,1,liebal2014does,0,,0,,0,,0,,0,,0,,0,,0,,0,
natascha,11,brauer2006apes,1,parron2008behavioural,5,kanngiesser2011limits,4,tennie2006push,7,brauer2006making,6,call2004inferences,0,,0,,11,brauer2005all,16,call2004inferences
nkuumwa,1,liebal2014does,0,,0,,0,,0,,0,,0,,0,,0,,0,
n’diki,4,brauer2006apes,1,haun2009great,3,vlamings2006great,3,tennie2006push,0,,7,call2004inferences,0,,1,uher2008coherence,3,brauer2005all,6,call2004inferences
n’kwango,1,brauer2006apes,0,,4,vlamings2006great,1,tennie2006push,0,,4,call2004inferences,0,,0,,2,brauer2005all,2,call2004inferences
ohini,0,,0,,0,,0,,0,,0,,0,,0,,1,kopp2021small,0,
okech,1,liebal2014does,0,,0,,0,,0,,0,,0,,0,,0,,0,
padana,9,brauer2006apes,8,haun2009great,14,vlamings2006great,6,tennie2006push,8,tempelmann2013apes,15,call2004inferences,0,,1,uher2008coherence,12,brauer2005all,26,call2004inferences
pagai,0,,0,,3,amici2008fission,0,,0,,3,amici2008fission,0,,0,,0,,3,amici2010monkeys
patrick,8,brauer2006apes,2,parron2008behavioural,8,heilbronner2008fruit,4,tennie2006push,3,herrmann2006apes,6,call2004inferences,0,,0,,6,brauer2005all,13,call2004inferences
pia,7,brauer2006apes,2,parron2008behavioural,5,heilbronner2008fruit,4,tennie2010evidence,4,liszkowski2009prelinguistic,4,haun2009great,0,,0,,6,brauer2005all,15,martin2008tubes
pini,11,brauer2006apes,8,haun2009great,17,suda2004piagetian,6,tennie2006push,8,tempelmann2013apes,16,call2004inferences,0,,1,uher2008coherence,12,brauer2005all,26,call2004inferences
raja,5,amici2014calculated,7,kano2011visual,10,amici2008fission,2,allritz2013food,6,bohn2015communication,6,amici2008fission,0,,0,,9,kano2014cross,17,amici2010monkeys
riet,16,brauer2006apes,4,parron2008behavioural,6,kanngiesser2011limits,5,tennie2006push,6,brauer2006making,11,call2004inferences,1,kano2016nasal,0,,16,brauer2005all,18,call2004inferences
robert,20,brauer2006apes,4,parron2008behavioural,8,heilbronner2008fruit,5,tennie2006push,9,brauer2006making,9,call2004inferences,1,kano2016nasal,1,uher2008coherence,16,brauer2006making,19,call2004inferences
roland,1,liebal2014does,0,,0,,0,,0,,0,,0,,0,,0,,0,
ruby_b'windi,4,brauer2006apes,0,,3,vlamings2006great,3,tennie2006push,0,,6,call2004inferences,0,,1,uher2008coherence,3,brauer2005all,4,call2004inferences
sabin,1,liebal2014does,0,,0,,0,,0,,0,,0,,0,,0,,0,
sallie,1,liebal2014does,0,,0,,0,,0,,0,,0,,0,,0,,0,
sally,1,liebal2014does,0,,0,,0,,0,,0,,0,,0,,0,,0,
sam,1,liebal2014does,0,,0,,0,,0,,0,,0,,0,,0,,0,
sandra,28,brauer2006apes,4,parron2008behavioural,15,suda2004piagetian,5,tennie2006push,10,brauer2006making,13,call2004inferences,0,,1,uher2008coherence,20,brauer2005all,23,call2004inferences
suaq,2,volter2015exploitation,7,kano2011visual,3,sanchez2016differences,1,forss2016cognitive,5,bohn2015communication,1,lewis2017non,0,,0,,6,kano2014cross,5,manrique2015age
swela,3,engelmann2012five,1,parron2008behavioural,3,kanngiesser2011limits,6,tennie2010evidence,4,liszkowski2009prelinguistic,1,lewis2017non,0,,0,,4,bohn2017information,9,hanus2011comparing
tai,21,brauer2009apes,0,,7,kanngiesser2011limits,5,tennie2010two,5,kirchhofer2012dogs,4,kanngiesser2010bonobos,0,,0,,8,schmelz2011chimpanzees,17,manrique2010great
tanah,2,volter2015exploitation,6,kano2012face,2,sanchez2016differences,1,forss2016cognitive,2,kano2018human,1,lewis2017non,0,,0,,8,kano2014cross,6,manrique2015age
tao,0,,1,ebel2020object,0,,1,forss2016cognitive,0,,0,,0,,0,,0,,1,forss2016cognitive
toba,1,brauer2006apes,0,,5,suda2004piagetian,3,tennie2006push,0,,6,call2004inferences,0,,0,,3,brauer2005all,4,call2004inferences
tumbo,1,liebal2014does,0,,0,,0,,0,,0,,0,,0,,0,,0,
ulin,1,liebal2014does,0,,0,,0,,0,,0,,0,,0,,0,,0,
ulindi,7,brauer2006apes,2,haun2009great,15,suda2004piagetian,3,tennie2006push,2,brauer2006making,13,call2004inferences,0,,1,uher2008coherence,7,brauer2005all,15,call2004inferences
ulla,10,russell2008image,3,parron2008behavioural,7,suda2004piagetian,4,tennie2006push,3,brauer2006making,4,call2004inferences,0,,0,,11,brauer2005all,14,call2004inferences
umugenzi,1,liebal2014does,0,,0,,0,,0,,0,,0,,0,,0,,0,
unyoro,2,amici2012aversion,1,haun2009great,1,kanngiesser2011limits,3,tennie2009ratcheting,0,,1,haun2009great,0,,0,,0,,2,hanus2011comparing
vimoto,0,,0,,0,,0,,0,,1,call2004inferences,0,,0,,1,brauer2005all,1,call2004inferences
viringika,7,brauer2006apes,4,haun2009great,13,vlamings2006great,3,tennie2009ratcheting,2,bohn2015communication,8,call2004inferences,0,,1,uher2008coherence,3,brauer2005all,13,call2004inferences
vizuri,0,,0,,1,amici2012modular,0,,0,,2,call2004inferences,0,,0,,1,brauer2005all,2,call2004inferences
walter,1,brauer2006apes,0,,6,suda2004piagetian,3,tennie2006push,0,,6,call2004inferences,0,,0,,3,brauer2005all,4,call2004inferences
yaro,0,,0,,0,,0,,1,kano2018human,0,,0,,0,,4,krupenye2016great,0,
yasa,13,russell2008image,3,haun2009great,15,heilbronner2008fruit,2,tennie2009ratcheting,6,bohn2015communication,11,haun2006evolutionary,0,,1,uher2008coherence,11,russell2008image,18,martin2008tubes
yasmin,1,liebal2014does,0,,0,,0,,0,,0,,0,,0,,0,,0,
youma,0,,0,,0,,0,,0,,0,,0,,0,,1,kopp2021small,0,
zira,2,wolf2019visually,0,,0,,0,,1,tauzin2020context,0,,0,,0,,1,kopp2021small,0,
zola,0,,2,kano2011visual,1,rakoczy2014apes,0,,0,,0,,0,,0,,0,,0,
zora,0,,0,,0,,1,tennie2009ratcheting,0,,1,cacchione2009gravity,0,,0,,0,,1,cacchione2009gravity
